model,brier,log_loss,accuracy
Logistic (leaky),0.23850550076152768,0.6696588290348914,0.586890243902439
Logistic (clean),0.24010620194203447,0.6729747776421063,0.5846036585365854
Stacked (Poisson+features),0.24015310326816883,0.6730597000291638,0.5807926829268293
Poisson (goals),0.24115318686698442,0.6753841959755936,0.5685975609756098
Poisson (tuned OT),0.24128007170671303,0.6756532490847148,0.5708841463414634
Baseline (home rate),0.2471202861496915,0.6874046344436623,0.5640243902439024
